Project,Group,Key,Issuetype,Status,Created Date,Component,Category,First Date,Closed Date,New,In Specification,Open,In Progress,In Review,Pending,Resolved,Closed,Resolution 
,,LIC-247,Improvement,Done,30.03.2020 16:30:13,Timesheets|,,16.04.2020 09:00:00,08.05.2020 13:10:06,0,24029,8640,23290,0,0,0,5904,1363612,Fixed 
,,LIC-246,New Feature,Done,28.01.2020 11:15:40,Controller Unit|Invoice Management|Math Expressions|,,28.01.2020 08:00:00,24.02.2020 12:53:23,0,-195,24967,14204,0,0,0,112481,1363612,Fixed 
,,LIC-245,Improvement,Released,31.01.2020 09:08:30,Logging|Math Expressions|,,04.02.2020 12:18:46,11.02.2020 12:32:09,0,5950,9652,441,0,0,131222,0,1363612,Cannot Reproduce 
,,LIC-244,Bug,Funnel,06.05.2020 16:58:40,Infrastucture|Printing|Windows Client|,,,,1372168,0,0,0,0,0,0, 
,,LIC-243,New Feature,Released,20.02.2020 10:43:57,Windows Client|,,26.02.2020 12:12:24,06.03.2020 16:00:00,0,8728,8913,4273,0,0,96454,0,1363612,Resolved 
,,LIC-242,Internal Task,Funnel,14.04.2020 14:40:04,Messenger Server|Timesheets|,,,,1403987,0,0,0,0,0,0, 
,,LIC-241,Improvement,Funnel,20.03.2020 09:22:32,Printing|,,08.04.2020 09:00:00,,0,27337,1411527,1440,0,0,0,0, 
,,LIC-240,New Feature,In Progress,26.03.2020 13:00:54,,,08.05.2020 09:00:00,,0,61679,0,1369767,0,0,0,0, 
,,LIC-239,Internal Task,Funnel,06.05.2020 13:40:15,Controller Unit|,,,,1372367,0,0,0,0,0,0, 
,,LIC-238,Improvement,Released,10.03.2020 08:23:57,Infrastucture|Linux Client|Timesheets|,,31.03.2020 09:00:00,28.04.2020 13:21:18,0,30276,29946,10634,0,0,20293,0,1363612,Cannot Reproduce 
,,LIC-237,Internal Task,Released,17.02.2020 10:51:32,Infrastucture|Schema Builder|Timesheets|,,06.03.2020 10:49:43,31.03.2020 13:13:03,0,25918,21716,14425,0,0,60621,0,1363612,Incomplete 
,,LIC-236,Bug,Funnel,02.04.2020 09:41:38,Messenger Server|Windows Client|,,,,1421565,0,0,0,0,0,0, 
,,LIC-235,Internal Task,Done,18.02.2020 09:13:27,Controller Unit|Schema Builder|,,13.03.2020 08:00:00,30.03.2020 17:00:00,0,34486,18575,6444,0,0,0,61834,1363612,Fixed 
,,LIC-234,Bug,Released,20.02.2020 12:19:54,DevExpress|Logging|Timesheets|,,02.03.2020 12:38:01,09.04.2020 13:57:41,0,15858,7415,47383,0,0,47617,0,1363612,Duplicate 
,,LIC-233,Internal Task,Released,29.01.2020 12:46:17,Linux Client|Math Expressions|,,31.01.2020 08:00:00,24.03.2020 11:53:00,0,2593,38895,37654,0,0,70781,0,1363612,Incomplete 
,,LIC-232,Internal Task,Done,05.03.2020 12:25:14,Controller Unit|,,30.03.2020 09:00:00,29.04.2020 17:00:00,0,35794,25331,18347,0,0,0,18634,1363612,Fixed 
,,LIC-231,Bug,Done,07.02.2020 08:12:39,,,14.02.2020 12:41:39,20.03.2020 12:37:45,0,10349,20666,29728,0,0,0,76497,1363612,Fixed 
,,LIC-230,Improvement,Funnel,09.04.2020 12:50:54,Infrastucture|,,,,1411296,0,0,0,0,0,0, 
,,LIC-229,New Feature,Released,21.01.2020 15:18:22,Linux Client|,,21.01.2020 12:29:12,25.02.2020 15:30:00,0,-169,30240,20340,0,0,110884,0,1363612,Won't Fix 
,,LIC-228,Improvement,Funnel,09.04.2020 15:45:00,Messenger Server|,,,,1411122,0,0,0,0,0,0, 
,,LIC-227,New Feature,Funnel,07.05.2020 13:58:24,Invoice Management|,,,,1370908,0,0,0,0,0,0, 
,,LIC-226,Improvement,Released,28.01.2020 08:51:16,Math Expressions|Windows Client|,,28.01.2020 08:00:00,27.02.2020 16:00:00,0,-51,11274,32405,0,0,107974,0,1363612,Won't Fix 
,,LIC-225,Bug,Funnel,25.03.2020 11:02:49,,,15.04.2020 12:41:29,,0,30338,1402527,138,0,0,0,0, 
,,LIC-224,Improvement,Released,20.03.2020 11:29:02,,,17.04.2020 13:43:05,20.04.2020 13:30:59,0,40454,270,4036,0,0,31803,0,1363612,Cannot Reproduce 
,,LIC-223,New Feature,Done,17.01.2020 08:03:45,Math Expressions|Schema Builder|,,17.01.2020 08:00:00,24.01.2020 12:08:41,0,-3,980,9347,0,0,0,157166,1363612,Fixed 
,,LIC-222,New Feature,Released,26.02.2020 12:24:34,Schema Builder|,,23.03.2020 08:00:00,08.04.2020 13:47:28,0,37175,9569,13816,0,0,49067,0,1363612,Duplicate 
,,LIC-221,Improvement,Funnel,17.02.2020 12:21:05,Schema Builder|,,20.02.2020 11:43:53,19.03.2020 10:49:57,0,4282,1393814,10063,0,0,56259,0,21785, 
,,LIC-220,New Feature,Funnel,15.04.2020 13:29:10,,,,,1402618,0,0,0,0,0,0, 
,,LIC-219,New Feature,Released,27.01.2020 14:16:28,Math Expressions|,,27.01.2020 12:12:11,09.03.2020 12:04:51,0,-124,25632,34837,0,0,92370,0,1363612,Cannot Reproduce 
,,LIC-218,Bug,Released,21.02.2020 15:53:46,,,06.03.2020 11:21:50,02.04.2020 12:45:15,0,19888,12960,6071,0,0,57769,5887,1363612,14043,Incomplete 
,,LIC-217,Bug,Funnel,11.03.2020 14:23:07,Infrastucture|Windows Client|,,16.04.2020 13:26:18,,0,51783,1365779,35400,0,0,0,0, 
,,LIC-216,Improvement,Funnel,02.03.2020 08:55:07,Invoice Management|Schema Builder|Windows Client|,,09.04.2020 13:57:41,,0,55022,1394906,16322,0,0,0,0, 
,,LIC-215,Improvement,Funnel,01.05.2020 15:41:20,DevExpress|Linux Client|Timesheets|,,,,1379445,0,0,0,0,0,0, 
,,LIC-214,Bug,Funnel,17.04.2020 14:03:32,Linux Client|,,,,1399703,0,0,0,0,0,0, 
,,LIC-213,Improvement,Released,14.02.2020 12:44:18,Messenger Server|Windows Client|,,04.03.2020 14:41:45,08.04.2020 12:37:11,0,27477,17280,4615,0,0,49137,21416,1363612,6963,Incomplete 
,,LIC-212,New Feature,Funnel,10.03.2020 11:58:59,Timesheets|,,10.03.2020 12:19:41,,0,20,1444470,10057,0,0,0,0, 
,,LIC-211,Bug,Released,05.02.2020 11:13:08,,,13.02.2020 15:50:30,10.03.2020 11:37:32,0,11797,27272,9913,0,0,90957,0,1363612,Won't Fix 
,,LIC-210,Bug,Released,28.01.2020 13:11:14,Linux Client|Messenger Server|,,29.01.2020 11:36:17,20.02.2020 16:00:00,0,1345,22705,9236,0,0,118054,0,1363612,Resolved 
,,LIC-209,New Feature,Funnel,31.03.2020 14:31:57,,,,,1424155,0,0,0,0,0,0, 
,,LIC-208,Improvement,Released,19.02.2020 14:41:10,Linux Client|Math Expressions|,,24.02.2020 08:00:00,24.02.2020 10:30:05,0,6798,0,150,0,0,112624,0,1363612,Incomplete 
,,LIC-207,Improvement,Funnel,10.04.2020 12:45:46,,,05.05.2020 09:00:00,,0,35774,1367840,6246,0,0,0,0, 
,,LIC-206,Internal Task,In Progress,03.04.2020 12:56:29,,,27.04.2020 09:00:00,,0,34323,11520,1374087,0,0,0,0, 
,,LIC-205,New Feature,Funnel,21.02.2020 13:24:49,Messenger Server|,,01.04.2020 16:51:04,16.04.2020 17:00:00,0,57806,1369109,16111,0,0,0,15677,21677, 
,,LIC-204,Improvement,Funnel,06.04.2020 16:48:27,,,,,1415378,0,0,0,0,0,0, 
,,LIC-203,New Feature,Done,07.02.2020 12:31:07,,,10.02.2020 08:00:00,19.03.2020 12:52:33,0,4048,41600,13411,0,0,0,77922,1363612,Incomplete 
,,LIC-202,Internal Task,Released,27.02.2020 09:44:49,Linux Client|Logging|Math Expressions|,,24.03.2020 08:00:00,15.04.2020 15:58:46,0,37335,0,3627,0,0,64688,0,1363612,2699,Duplicate 
,,LIC-201,Internal Task,Funnel,21.04.2020 15:26:48,Linux Client|Messenger Server|Printing|,,,,1393860,0,0,0,0,0,0, 
,,LIC-200,Internal Task,Done,17.01.2020 14:18:59,,,17.01.2020 12:18:01,20.01.2020 12:52:25,0,-120,292,4178,0,0,0,162616,1363612,148,Duplicate 
,,LIC-199,Bug,Done,22.01.2020 13:52:13,DevExpress|Printing|Windows Client|,,22.01.2020 12:58:11,14.02.2020 15:00:00,0,-54,19119,14119,0,0,0,126754,1363612,Fixed 
,,LIC-198,New Feature,Done,14.02.2020 10:55:25,Logging|,,24.02.2020 10:56:03,26.03.2020 12:19:59,0,14400,20574,24148,0,0,0,67874,1363612,Fixed 
,,LIC-197,Improvement,Funnel,08.05.2020 15:35:32,,,,,1369371,0,0,0,0,0,0, 
,,LIC-196,New Feature,In Progress,10.04.2020 10:26:35,Infrastucture|Math Expressions|Schema Builder|,,27.04.2020 16:23:40,,0,24837,12956,1372206,0,0,0,0, 
,,LIC-195,Bug,In Progress,31.03.2020 11:25:22,,,31.03.2020 09:00:00,,0,-145,53070,1371416,0,0,0,0, 
,,LIC-194,Bug,Funnel,06.04.2020 11:46:07,Printing|,,,,1415681,0,0,0,0,0,0, 
,,LIC-193,New Feature,Funnel,07.05.2020 16:10:26,,,,,1370776,0,0,0,0,0,0, 
,,LIC-192,Improvement,Funnel,29.04.2020 09:03:30,Linux Client|Schema Builder|Windows Client|,,,,1382723,0,0,0,0,0,0, 
,,LIC-191,Bug,Released,30.01.2020 11:58:17,Math Expressions|,,31.01.2020 08:00:00,18.02.2020 15:00:11,0,1201,1690,24648,0,0,120994,0,1363612,Duplicate 
,,LIC-190,New Feature,Funnel,10.04.2020 16:28:51,Messenger Server|Windows Client|,,,,1409638,0,0,0,0,0,0, 
,,LIC-189,Bug,Funnel,25.03.2020 13:30:20,DevExpress|Logging|Timesheets|,,,,1432856,0,0,0,0,0,0, 
,,LIC-188,Internal Task,Funnel,21.04.2020 12:20:59,Math Expressions|Printing|,,,,1394046,0,0,0,0,0,0, 
,,LIC-187,Internal Task,Released,31.01.2020 13:06:19,Printing|,,07.02.2020 08:00:00,24.03.2020 11:05:39,0,9773,5478,15141,0,0,70829,4189,1363612,41615,Duplicate 
,,LIC-186,Bug,Done,15.01.2020 11:06:21,Controller Unit|Logging|,,15.01.2020 08:00:00,17.02.2020 16:00:00,0,-186,41293,6703,0,0,0,122374,1363612,Fixed 
,,LIC-185,New Feature,Released,06.02.2020 08:22:51,,,06.02.2020 12:03:42,06.03.2020 11:21:50,0,220,25689,16028,0,0,96733,0,1363612,Cannot Reproduce 
,,LIC-184,New Feature,Funnel,27.04.2020 10:31:11,Infrastucture|Schema Builder|Windows Client|,,,,1385516,0,0,0,0,0,0, 
,,LIC-183,New Feature,Funnel,20.03.2020 15:23:46,Invoice Management|Math Expressions|Timesheets|,,10.04.2020 15:14:00,,0,30230,1396927,12785,0,0,0,0, 
,,LIC-182,Improvement,Done,18.02.2020 14:53:47,Infrastucture|Invoice Management|,,24.03.2020 12:57:27,15.04.2020 17:00:00,0,50283,28579,3340,0,0,0,38794,1363612,Won't Fix 
,,LIC-181,Internal Task,Funnel,10.03.2020 15:53:15,,,09.04.2020 09:00:00,,0,42786,1410372,1154,0,0,0,0, 
,,LIC-180,Internal Task,Funnel,23.03.2020 12:19:04,Logging|Messenger Server|Schema Builder|,,20.04.2020 12:12:36,,0,40313,1390651,4842,0,0,0,0, 
,,LIC-179,Improvement,Released,13.01.2020 15:57:23,,,13.01.2020 12:30:25,20.01.2020 16:00:00,0,-206,10080,209,0,0,162694,0,1363612,Won't Fix 
,,LIC-178,New Feature,Released,06.03.2020 13:39:59,DevExpress|Infrastucture|,,27.03.2020 08:00:00,06.04.2020 13:19:57,0,29900,4369,10349,0,0,51974,0,1363612,Cannot Reproduce 
,,LIC-177,New Feature,Funnel,23.04.2020 13:07:55,,,,,1391119,0,0,0,0,0,0, 
,,LIC-176,New Feature,Funnel,02.04.2020 13:25:57,,,30.04.2020 09:00:00,,0,40054,1378177,3109,0,0,0,0, 
,,LIC-175,Bug,Funnel,04.05.2020 12:40:25,Invoice Management|Logging|,,,,1375306,0,0,0,0,0,0, 
,,LIC-174,New Feature,In Progress,02.03.2020 11:33:35,DevExpress|Math Expressions|Messenger Server|,,24.04.2020 13:32:10,,0,76438,18330,1371324,0,0,0,0, 
,,LIC-173,New Feature,Funnel,25.03.2020 14:52:24,Printing|,,,,1432774,0,0,0,0,0,0, 
,,LIC-172,New Feature,Funnel,21.04.2020 09:53:02,Timesheets|,,,,1394194,0,0,0,0,0,0, 
,,LIC-171,New Feature,Funnel,01.05.2020 09:14:16,Infrastucture|Math Expressions|Printing|,,,,1379833,0,0,0,0,0,0, 
,,LIC-170,New Feature,Released,21.01.2020 09:36:10,DevExpress|,,21.01.2020 08:00:00,24.02.2020 16:00:00,0,-96,11662,17720,0,0,112294,12971,1363612,7084,Resolved 
,,LIC-169,Improvement,Funnel,13.03.2020 13:23:38,Infrastucture|Timesheets|,,,,1450143,0,0,0,0,0,0, 
,,LIC-168,New Feature,Funnel,08.05.2020 10:11:21,Printing|,,,,1369695,0,0,0,0,0,0, 
,,LIC-167,Internal Task,Done,07.02.2020 10:31:31,Logging|Windows Client|,,27.02.2020 12:04:24,23.03.2020 14:19:27,0,28892,11520,24681,0,0,0,71830,1363612,176,Fixed 
,,LIC-166,Internal Task,Released,28.01.2020 14:41:49,Infrastucture|Logging|Printing|,,28.01.2020 12:28:33,26.02.2020 12:25:00,0,-133,25262,16492,0,0,109629,0,1363612,Resolved 
,,LIC-165,Improvement,Funnel,07.04.2020 11:29:03,Controller Unit|Math Expressions|Printing|,,,,1414258,0,0,0,0,0,0, 
,,LIC-164,Bug,Released,17.03.2020 12:04:46,Windows Client|,,20.03.2020 08:00:00,08.05.2020 16:30:00,0,4075,17441,53625,0,0,5704,0,1363612,Duplicate 
,,LIC-163,Improvement,Funnel,29.04.2020 16:50:07,Messenger Server|Windows Client|,,,,1382257,0,0,0,0,0,0, 
,,LIC-162,Improvement,Done,17.01.2020 15:35:48,Math Expressions|Printing|,,17.01.2020 12:06:54,04.02.2020 11:56:17,0,-208,233,25676,0,0,0,141338,1363612,Won't Fix 
,,LIC-161,New Feature,Funnel,08.05.2020 11:49:45,Invoice Management|,,,,1369597,0,0,0,0,0,0, 
,,LIC-160,Improvement,Funnel,30.03.2020 13:32:00,Controller Unit|Messenger Server|,,,,1425655,0,0,0,0,0,0, 
,,LIC-159,Bug,Released,24.01.2020 11:06:49,Linux Client|Schema Builder|,,24.01.2020 11:31:22,10.02.2020 15:15:43,0,24,435,24268,0,0,132499,0,1363612,Resolved 
,,LIC-158,Bug,Released,20.02.2020 13:55:32,DevExpress|Logging|,,17.03.2020 08:00:00,27.03.2020 16:00:00,0,37084,12740,2139,0,0,66214,0,1363612,Cannot Reproduce 
,,LIC-157,New Feature,Funnel,14.04.2020 10:43:52,Logging|,,,,1404223,0,0,0,0,0,0, 
,,LIC-156,Bug,Released,17.01.2020 11:10:54,DevExpress|Math Expressions|Schema Builder|,,17.01.2020 08:00:00,13.03.2020 12:53:18,0,-190,9567,40159,0,0,86561,21547,1363612,9652,Won't Fix 
,,LIC-155,New Feature,Funnel,23.04.2020 15:50:56,DevExpress|Infrastucture|Logging|,,,,1390956,0,0,0,0,0,0, 
,,LIC-154,Internal Task,Funnel,09.03.2020 08:32:55,Linux Client|Logging|Messenger Server|,,23.04.2020 09:00:00,,0,64827,1383717,7650,0,0,0,0, 
,,LIC-153,Improvement,Funnel,12.03.2020 12:53:30,Invoice Management|,,,,1451613,0,0,0,0,0,0, 
,,LIC-152,Bug,Funnel,31.01.2020 10:47:46,DevExpress|Printing|,,04.02.2020 08:00:00,,0,5592,1446700,58481,0,0,0,0, 
,,LIC-151,Internal Task,Done,06.03.2020 10:00:27,,,01.04.2020 09:00:00,09.04.2020 13:58:52,0,37379,9827,1990,0,0,0,47616,1363612,Fixed 
,,LIC-150,Bug,In Progress,04.03.2020 08:08:15,,,06.04.2020 13:36:57,,0,47848,17033,1398535,0,0,0,0, 
,,LIC-149,Improvement,Done,24.02.2020 10:24:59,Infrastucture|,,03.04.2020 12:14:16,29.04.2020 16:30:00,0,56269,30255,7511,0,0,0,18586,1363612,2,Fixed 
,,LIC-148,Bug,In Progress,06.03.2020 11:56:11,Invoice Management|Linux Client|Logging|,,11.05.2020 09:00:00,,0,94863,0,1365447,0,0,0,0, 
,,LIC-147,New Feature,Funnel,13.04.2020 10:36:08,,,,,1405671,0,0,0,0,0,0, 
,,LIC-146,Improvement,Released,13.01.2020 12:56:12,,,13.01.2020 08:00:00,06.02.2020 16:00:00,0,-296,4284,30755,0,0,138214,0,1363612,Resolved 
,,LIC-145,Bug,Funnel,06.05.2020 09:09:44,,,,,1372637,0,0,0,0,0,0, 
,,LIC-144,Bug,Released,28.02.2020 09:13:53,Math Expressions|,,23.04.2020 13:37:43,12.05.2020 13:55:43,0,79463,20194,7183,0,0,99,0,1363612,Won't Fix 
,,LIC-143,Improvement,Released,27.02.2020 12:08:42,Linux Client|Math Expressions|,,02.03.2020 08:00:00,27.03.2020 12:29:37,0,5511,15862,20406,0,0,66425,0,1363612,Won't Fix 
,,LIC-142,New Feature,Released,20.01.2020 13:01:24,Controller Unit|Windows Client|,,20.01.2020 12:40:27,19.02.2020 14:30:00,0,-20,4405,25828,0,0,119584,12863,1363612,209,Cannot Reproduce 
,,LIC-141,Internal Task,Funnel,05.05.2020 09:17:05,Schema Builder|,,,,1374070,0,0,0,0,0,0, 
,,LIC-140,Internal Task,Funnel,28.04.2020 10:10:21,DevExpress|Math Expressions|Windows Client|,,,,1384096,0,0,0,0,0,0, 
,,LIC-139,New Feature,Done,21.01.2020 12:38:41,Invoice Management|Messenger Server|,,21.01.2020 11:46:43,17.03.2020 15:00:00,0,-51,42706,38124,0,0,0,80674,1363612,Fixed 
,,LIC-138,Internal Task,Done,10.02.2020 13:18:22,Printing|Schema Builder|,,27.02.2020 08:00:00,07.04.2020 13:09:39,0,24161,25792,32115,0,0,0,50545,1363612,Fixed 
,,LIC-137,New Feature,In Progress,27.03.2020 09:49:18,,,05.05.2020 13:32:14,,0,56382,1418,1372396,0,0,0,0, 
,,LIC-136,Internal Task,Released,17.02.2020 15:31:21,Linux Client|Logging|Printing|,,02.03.2020 15:48:38,25.03.2020 13:00:00,0,20177,14780,18168,0,0,69274,0,1363612,Cannot Reproduce 
,,LIC-135,Improvement,Funnel,15.04.2020 16:51:40,Schema Builder|,,,,1402415,0,0,0,0,0,0, 
,,LIC-134,Improvement,Released,19.03.2020 12:01:18,Math Expressions|,,03.04.2020 16:16:55,06.05.2020 13:36:59,0,21855,5730,41629,0,0,8757,0,1363612,Duplicate 
,,LIC-133,Internal Task,Done,27.01.2020 11:08:47,Infrastucture|Math Expressions|Messenger Server|,,27.01.2020 08:00:00,21.02.2020 12:40:31,0,-188,8886,27390,0,0,0,116814,1363612,Incomplete 
,,LIC-132,Bug,In Progress,26.03.2020 08:12:05,Controller Unit|,,07.04.2020 13:09:39,,0,17577,22668,1391487,0,0,0,0, 
,,LIC-131,New Feature,Released,21.02.2020 10:38:51,Infrastucture|Linux Client|,,23.03.2020 08:00:00,17.04.2020 13:24:27,0,44481,14669,21653,0,0,36130,0,1363612,Cannot Reproduce 
,,LIC-130,Bug,In Progress,23.03.2020 09:16:35,,,04.05.2020 09:00:00,,0,60463,0,1375527,0,0,0,0, 
,,LIC-129,New Feature,In Progress,18.03.2020 13:10:33,,,10.04.2020 09:00:00,,0,32869,11975,1398111,0,0,0,0, 
,,LIC-128,Internal Task,Funnel,28.04.2020 12:23:50,DevExpress|,,,,1383963,0,0,0,0,0,0, 
,,LIC-127,Bug,Released,12.02.2020 12:59:47,Controller Unit|Linux Client|Windows Client|,,25.02.2020 08:00:00,31.03.2020 13:22:55,0,18420,32048,18672,0,0,60611,0,1363612,Duplicate 
,,LIC-126,New Feature,In Progress,01.05.2020 13:17:43,Controller Unit|Logging|Math Expressions|,,01.05.2020 09:00:00,,0,-257,14118,1365728,0,0,0,0, 
,,LIC-125,Improvement,Funnel,06.05.2020 12:13:21,,,,,1372453,0,0,0,0,0,0, 
,,LIC-124,New Feature,Done,14.02.2020 08:37:02,,,25.02.2020 12:33:25,30.03.2020 13:18:01,0,16076,36239,13047,0,0,0,46383,1363612,15389,Fixed 
,,LIC-123,Internal Task,In Progress,18.03.2020 09:06:39,Linux Client|,,27.04.2020 09:00:00,,0,57593,8640,1376967,0,0,0,0, 
,,LIC-122,Internal Task,Done,25.02.2020 14:30:38,Invoice Management|Schema Builder|,,17.03.2020 10:59:17,22.04.2020 17:00:00,0,30028,49020,3180,0,0,0,28714,1363612,Fixed 
,,LIC-121,Bug,Done,13.01.2020 10:29:31,Linux Client|Math Expressions|,,13.01.2020 08:00:00,24.01.2020 12:54:45,0,-149,1301,14830,0,0,0,157120,1363612,Fixed 
,,LIC-120,New Feature,Done,12.02.2020 10:10:55,Invoice Management|Messenger Server|Timesheets|,,06.03.2020 14:52:26,02.04.2020 12:19:49,0,33401,16123,9866,0,0,1486,57795,1363612,11249,Fixed 
,,LIC-119,Internal Task,In Progress,27.02.2020 14:43:17,Windows Client|,,06.04.2020 13:18:55,,0,56075,44565,1371021,0,0,0,0, 
,,LIC-118,Bug,Done,29.01.2020 15:13:30,Printing|,,03.02.2020 12:06:02,20.02.2020 12:23:57,0,7012,20160,3072,0,0,1163,118270,1363612,100,Fixed 
,,LIC-117,Improvement,Funnel,07.05.2020 10:15:34,DevExpress|Timesheets|Windows Client|,,,,1371131,0,0,0,0,0,0, 
,,LIC-116,Internal Task,Done,30.01.2020 14:24:36,Controller Unit|Infrastucture|Math Expressions|,,31.01.2020 08:00:00,03.03.2020 16:00:00,0,1055,4380,42178,0,0,0,100774,1363612,Fixed 
,,LIC-115,New Feature,Done,25.02.2020 15:55:06,,,06.03.2020 12:23:11,19.03.2020 15:30:00,0,14188,1440,17466,0,0,0,77764,1363612,Fixed 
,,LIC-114,Bug,Done,04.02.2020 08:38:12,,,04.02.2020 15:33:43,14.02.2020 14:57:55,0,415,9669,4692,0,0,0,126756,1363612,Cannot Reproduce 
,,LIC-113,Improvement,In Progress,06.03.2020 15:07:04,,,30.03.2020 13:40:48,,0,34473,25162,1400481,0,0,0,0, 
,,LIC-112,Internal Task,Funnel,10.04.2020 14:43:20,Logging|,,,,1409743,0,0,0,0,0,0, 
,,LIC-111,Internal Task,Released,11.02.2020 13:56:54,Invoice Management|,,20.02.2020 12:18:13,01.04.2020 13:12:40,0,12861,10754,27141,0,0,69141,0,1363612,11235,Won't Fix 
,,LIC-110,Internal Task,Done,22.01.2020 15:22:25,Infrastucture|,,22.01.2020 12:08:18,24.01.2020 12:51:26,0,-194,80,3078,0,0,0,155880,1363612,1006,Fixed 
,,LIC-109,Internal Task,Done,11.02.2020 10:21:51,Linux Client|Logging|Math Expressions|,,27.02.2020 08:00:00,01.04.2020 13:37:31,0,22898,36840,12456,0,0,0,59157,1363612,Incomplete 
,,LIC-108,New Feature,Done,04.02.2020 11:32:38,,,13.02.2020 14:50:35,17.04.2020 17:00:00,0,13157,43567,48721,0,0,0,35914,1363612,Fixed 
,,LIC-107,Bug,In Progress,08.04.2020 10:11:01,,,27.04.2020 13:27:56,,0,27556,9826,1375512,0,0,0,0, 
,,LIC-106,New Feature,Done,10.02.2020 15:43:22,Infrastucture|Messenger Server|,,14.02.2020 11:34:29,05.03.2020 16:00:00,0,5511,9120,19945,0,0,0,97894,1363612,Fixed 
,,LIC-105,New Feature,In Progress,05.03.2020 10:07:04,,,15.04.2020 12:38:18,,0,59191,0,1402668,0,0,0,0, 
,,LIC-104,Internal Task,Funnel,12.05.2020 09:29:51,Printing|,,,,1363977,0,0,0,0,0,0, 
,,LIC-103,Bug,Released,31.01.2020 14:55:05,Invoice Management|Math Expressions|,,04.02.2020 11:25:27,24.03.2020 12:57:27,0,5550,2450,11023,0,0,70717,17331,1363612,39844,Duplicate 
,,LIC-102,Internal Task,Done,13.03.2020 09:14:20,Controller Unit|Messenger Server|,,13.04.2020 09:00:00,23.04.2020 13:00:11,0,44625,10029,4610,0,0,0,27514,1363612,Cannot Reproduce 
,,LIC-101,New Feature,Funnel,01.04.2020 13:27:10,DevExpress|Infrastucture|Math Expressions|,,,,1422780,0,0,0,0,0,0, 
,,LIC-100,New Feature,Funnel,03.04.2020 09:06:41,,,,,1420160,0,0,0,0,0,0, 
,,LIC-99,New Feature,Funnel,07.05.2020 12:04:44,Infrastucture|,,,,1371022,0,0,0,0,0,0, 
,,LIC-98,Internal Task,Done,24.02.2020 14:14:09,Controller Unit|Windows Client|,,03.03.2020 08:00:00,13.03.2020 11:51:23,0,11145,7640,7210,0,0,0,79285,1363612,7117,Fixed 
,,LIC-97,Improvement,Done,14.01.2020 10:52:16,Invoice Management|Schema Builder|,,14.01.2020 08:00:00,21.01.2020 12:34:10,0,-172,10109,244,0,0,0,161460,1363612,Incomplete 
,,LIC-96,Bug,Done,24.03.2020 13:54:14,Controller Unit|Linux Client|,,03.04.2020 09:00:00,10.04.2020 13:13:55,0,14105,4573,5760,0,0,0,46220,1363612,Fixed 
,,LIC-95,Improvement,Released,05.02.2020 08:44:54,Logging|,,12.02.2020 08:00:00,04.03.2020 15:30:00,0,10035,14263,9321,0,0,105014,0,1363612,1453,Incomplete 
,,LIC-94,Bug,Done,28.01.2020 10:12:27,,,28.01.2020 12:07:31,03.03.2020 15:00:00,0,115,8529,42042,0,0,0,100834,1363612,Incomplete 
,,LIC-93,New Feature,Funnel,30.03.2020 10:51:21,DevExpress|,,08.05.2020 13:15:36,,0,56304,1365153,4358,0,0,0,0, 
,,LIC-92,New Feature,Released,05.03.2020 08:19:53,,,17.03.2020 11:30:24,24.04.2020 17:00:00,0,17470,14192,40857,0,0,25834,0,1363612,Duplicate 
,,LIC-91,New Feature,Funnel,23.04.2020 10:32:27,Linux Client|,,,,1391274,0,0,0,0,0,0, 
,,LIC-90,New Feature,In Progress,17.02.2020 13:32:15,DevExpress|Printing|,,27.03.2020 11:24:45,,0,56032,13186,1416914,0,0,0,0, 
,,LIC-89,Bug,Funnel,04.05.2020 14:12:40,DevExpress|Printing|,,,,1375214,0,0,0,0,0,0, 
,,LIC-88,Improvement,Funnel,17.03.2020 14:40:19,Invoice Management|Windows Client|,,07.04.2020 09:00:00,,0,29899,1402903,11500,0,0,0,0, 
,,LIC-87,New Feature,Released,15.01.2020 15:32:06,Infrastucture|Invoice Management|Messenger Server|,,15.01.2020 11:53:48,21.02.2020 16:00:00,0,-218,9093,14755,0,0,120704,11469,1363612,14114,Resolved 
,,LIC-86,Bug,Done,29.01.2020 08:11:02,Infrastucture|Schema Builder|,,30.01.2020 11:24:32,24.02.2020 10:39:32,0,1633,28289,7664,0,0,0,112615,1363612,Fixed 
,,LIC-85,Improvement,Funnel,16.03.2020 09:17:35,Logging|,,02.04.2020 12:57:43,05.05.2020 13:52:14,0,24700,1370812,40374,0,0,8599,0,1583, 
,,LIC-84,Bug,Done,10.02.2020 10:30:58,,,06.03.2020 08:00:00,13.03.2020 12:05:31,0,35849,6005,4320,0,0,0,86609,1363612,Fixed 
,,LIC-83,Bug,Funnel,07.04.2020 13:14:45,DevExpress|Logging|Timesheets|,,,,1414152,0,0,0,0,0,0, 
,,LIC-82,New Feature,Funnel,17.04.2020 09:50:27,DevExpress|Invoice Management|Printing|,,,,1399956,0,0,0,0,0,0, 
,,LIC-81,New Feature,Funnel,15.04.2020 11:39:13,Windows Client|,,20.04.2020 09:00:00,,0,7040,1395237,450,0,0,0,0, 
,,LIC-80,New Feature,Done,26.02.2020 09:35:07,,,12.03.2020 08:00:00,17.04.2020 12:28:46,0,21504,29960,22145,0,0,0,36186,1363612,Fixed 
,,LIC-79,Internal Task,Released,29.01.2020 10:20:06,Invoice Management|Timesheets|,,30.01.2020 12:10:33,04.03.2020 14:41:45,0,1550,5484,43626,0,0,99413,0,1363612,Cannot Reproduce 
,,LIC-78,New Feature,Done,20.01.2020 11:09:06,Linux Client|Schema Builder|,,20.01.2020 08:00:00,22.01.2020 12:24:05,0,-189,2943,200,0,0,0,160030,1363612,Fixed 
,,LIC-77,Improvement,Done,22.01.2020 09:57:00,,,22.01.2020 08:00:00,28.01.2020 15:34:05,0,-117,6214,2880,0,0,0,151200,1363612,Won't Fix 
,,LIC-76,New Feature,Done,17.01.2020 09:31:12,Timesheets|,,17.01.2020 08:00:00,29.01.2020 14:30:00,0,-91,10620,7046,0,0,0,149824,1363612,Fixed 
,,LIC-75,Improvement,Released,05.02.2020 13:58:18,,,13.02.2020 12:59:47,17.04.2020 13:05:07,0,11461,51343,40820,0,0,36149,0,1363612,Cannot Reproduce 
,,LIC-74,New Feature,In Progress,20.03.2020 13:33:43,Messenger Server|Schema Builder|,,22.04.2020 13:53:28,,0,47539,390,1392123,0,0,0,0, 
,,LIC-73,Internal Task,Done,25.02.2020 10:02:53,Invoice Management|,,30.03.2020 13:57:42,16.04.2020 13:22:56,0,49194,21575,2870,0,0,0,37571,1363612,Fixed 
,,LIC-72,Internal Task,Funnel,01.05.2020 10:58:10,Printing|,,,,1379729,0,0,0,0,0,0, 
,,LIC-71,Improvement,In Progress,24.04.2020 14:34:48,Invoice Management|Linux Client|,,07.05.2020 13:59:23,,0,18684,0,1370907,0,0,0,0, 
,,LIC-70,Bug,Funnel,11.03.2020 11:46:34,,,21.04.2020 09:00:00,,0,58873,1377904,16341,0,0,0,0, 
,,LIC-69,Improvement,Released,14.02.2020 14:59:04,Infrastucture|Linux Client|,,27.02.2020 08:00:00,02.04.2020 17:00:00,0,18300,27295,23643,0,0,57514,0,1363612,Incomplete 
,,LIC-68,New Feature,In Progress,19.03.2020 14:25:53,Logging|Timesheets|,,07.04.2020 09:00:00,,0,27034,45780,1368627,0,0,0,0, 
,,LIC-67,Internal Task,In Progress,05.03.2020 14:27:30,Infrastucture|Logging|Schema Builder|,,10.04.2020 13:44:19,,0,51796,11394,1398407,0,0,0,0, 
,,LIC-66,Internal Task,Released,17.02.2020 09:20:05,,,19.02.2020 08:00:00,24.04.2020 17:00:00,0,2799,23136,45085,0,0,25834,20096,1363612,5820,Resolved 
,,LIC-65,Bug,Funnel,28.04.2020 14:34:51,,,,,1383832,0,0,0,0,0,0, 
,,LIC-64,Bug,Funnel,06.04.2020 09:01:33,Math Expressions|Schema Builder|,,,,1415845,0,0,0,0,0,0, 
,,LIC-63,New Feature,In Progress,21.02.2020 08:09:42,,,25.02.2020 08:00:00,,0,5750,65786,1409157,0,0,0,0, 
,,LIC-62,New Feature,Funnel,28.02.2020 11:13:54,,,27.03.2020 12:30:21,06.05.2020 13:53:58,0,40396,1390435,20969,0,0,9788,7003,1837, 
,,LIC-61,Improvement,In Progress,25.03.2020 09:51:03,,,15.04.2020 13:43:57,,0,30472,22845,1379757,0,0,0,0, 
,,LIC-60,New Feature,Funnel,06.05.2020 15:33:53,Printing|,,,,1372253,0,0,0,0,0,0, 
,,LIC-59,Internal Task,Released,24.01.2020 13:27:33,Schema Builder|,,24.01.2020 15:59:45,19.02.2020 12:38:05,0,152,1490,25936,0,0,122725,0,1363612,6780,Resolved 
,,LIC-58,Internal Task,Funnel,19.03.2020 09:26:17,Timesheets|,,,,1441740,0,0,0,0,0,0, 
,,LIC-57,Improvement,Done,17.01.2020 12:18:16,Printing|,,17.01.2020 08:00:00,04.02.2020 16:00:00,0,-258,24480,499,0,0,1202,141094,1363612,216,Fixed 
,,LIC-56,Improvement,Done,20.02.2020 09:34:45,DevExpress|Timesheets|,,11.03.2020 08:00:00,03.04.2020 16:16:55,0,28705,4149,29464,0,0,0,56117,1363612,Fixed 
,,LIC-55,Bug,Funnel,27.04.2020 16:21:36,Math Expressions|,,,,1385165,0,0,0,0,0,0, 
,,LIC-54,Improvement,Funnel,22.04.2020 10:20:33,Messenger Server|Printing|Schema Builder|,,29.04.2020 13:40:11,,0,10279,1382247,199,0,0,0,0, 
,,LIC-53,Improvement,Funnel,07.04.2020 14:45:51,Math Expressions|Messenger Server|,,,,1414061,0,0,0,0,0,0, 
,,LIC-52,Improvement,Released,16.01.2020 11:22:50,DevExpress|,,16.01.2020 08:00:00,24.01.2020 15:59:45,0,-202,5690,6307,0,0,156935,0,1363612,Won't Fix 
,,LIC-51,Improvement,Released,18.02.2020 11:59:20,,,20.03.2020 08:00:00,24.03.2020 15:11:10,0,44400,1576,4615,0,0,70583,0,1363612,Duplicate 
,,LIC-50,Internal Task,Funnel,28.02.2020 15:07:38,Math Expressions|,,23.03.2020 08:00:00,05.05.2020 16:30:00,0,34132,1377058,48982,0,0,4265,0,5759, 
,,LIC-49,Bug,Released,06.03.2020 08:41:24,Logging|,,08.04.2020 12:46:28,13.04.2020 17:00:00,0,47765,232,7221,0,0,41674,0,1363612,Duplicate 
,,LIC-48,Bug,Done,04.02.2020 14:11:27,DevExpress|Infrastucture|Math Expressions|,,25.02.2020 08:00:00,16.03.2020 15:07:20,0,29868,19147,10290,0,0,0,77425,1363612,4470,Incomplete 
,,LIC-47,Improvement,In Progress,07.04.2020 16:26:18,,,04.05.2020 13:49:55,,0,38723,0,1375237,0,0,0,0, 
,,LIC-46,New Feature,Funnel,27.04.2020 12:29:53,Linux Client|Math Expressions|Timesheets|,,,,1385397,0,0,0,0,0,0, 
,,LIC-45,New Feature,Released,28.02.2020 13:11:52,DevExpress|Timesheets|,,27.03.2020 08:00:00,24.04.2020 13:53:29,0,40008,16866,23806,0,0,26021,0,1363612,Resolved 
,,LIC-44,Bug,Funnel,13.04.2020 14:32:00,Logging|Windows Client|,,30.04.2020 13:07:23,,0,24395,1375237,5802,0,0,0,0, 
,,LIC-43,Improvement,Funnel,26.03.2020 15:29:34,Timesheets|,,27.04.2020 09:00:00,,0,45690,1383913,1693,0,0,0,0, 
,,LIC-42,New Feature,Funnel,04.05.2020 09:16:06,Windows Client|,,,,1375511,0,0,0,0,0,0, 
,,LIC-41,Improvement,Released,20.02.2020 14:48:40,DevExpress|Infrastucture|,,23.03.2020 08:00:00,06.04.2020 16:30:00,0,45671,9896,10773,0,0,51784,0,1363612,Won't Fix 
,,LIC-40,Bug,Funnel,25.03.2020 12:28:12,Infrastucture|Invoice Management|Math Expressions|,,,,1432919,0,0,0,0,0,0, 
,,LIC-39,Internal Task,Done,19.02.2020 09:08:38,,,10.03.2020 12:09:09,21.04.2020 12:38:58,0,28980,32959,27546,0,0,0,30415,1363612,Fixed 
,,LIC-38,Bug,Done,25.02.2020 11:31:26,Infrastucture|Printing|,,23.03.2020 11:18:13,23.04.2020 13:37:43,0,38866,20924,23852,0,0,0,27477,1363612,Fixed 
,,LIC-37,New Feature,Released,17.02.2020 14:07:50,Infrastucture|Printing|,,25.02.2020 12:17:19,20.03.2020 15:30:00,0,11409,6240,2631,0,0,77438,0,1363612,24766,Resolved 
,,LIC-36,New Feature,Released,12.02.2020 15:57:25,DevExpress|Math Expressions|Messenger Server|,,25.02.2020 08:00:00,26.02.2020 12:38:30,0,18242,1461,257,0,0,109616,0,1363612,Resolved 
,,LIC-35,Internal Task,Funnel,04.05.2020 15:44:51,,,,,1375122,0,0,0,0,0,0, 
,,LIC-34,Internal Task,Released,01.04.2020 09:20:49,Schema Builder|Windows Client|,,17.04.2020 09:00:00,12.05.2020 12:39:06,0,23019,14305,21913,0,0,175,0,1363612,Cannot Reproduce 
,,LIC-33,Internal Task,Done,25.02.2020 12:56:10,Messenger Server|Timesheets|,,25.03.2020 14:24:27,16.04.2020 12:12:21,0,41848,8352,23195,0,0,0,37642,1363612,Fixed 
,,LIC-32,Internal Task,Done,24.03.2020 09:59:19,Controller Unit|,,10.04.2020 09:00:00,13.04.2020 13:36:08,0,24420,4340,255,0,0,0,41878,1363612,Fixed 
,,LIC-31,Improvement,Released,30.01.2020 09:17:31,Printing|,,03.02.2020 08:00:00,24.02.2020 12:36:11,0,5682,30323,192,0,0,112498,0,1363612,Incomplete 
,,LIC-30,New Feature,Funnel,23.03.2020 14:56:07,,,,,1435651,0,0,0,0,0,0, 
,,LIC-29,New Feature,Funnel,06.05.2020 10:37:57,,,,,1372549,0,0,0,0,0,0, 
,,LIC-28,Bug,Released,27.01.2020 08:22:40,Invoice Management|Logging|,,27.01.2020 08:00:00,18.02.2020 14:30:00,0,-22,4062,28007,0,0,121024,0,1363612,Resolved 
,,LIC-27,Improvement,Done,06.02.2020 12:08:43,,,18.02.2020 08:00:00,12.03.2020 16:00:00,0,17031,14378,19467,0,0,0,85053,1363612,2513,Fixed 
,,LIC-26,Improvement,Released,20.01.2020 09:11:24,Controller Unit|DevExpress|,,20.01.2020 08:00:00,30.01.2020 12:10:33,0,-71,5829,8820,0,0,148524,0,1363612,Incomplete 
,,LIC-25,Improvement,Funnel,17.03.2020 09:16:44,Invoice Management|Logging|Printing|,,30.04.2020 09:00:00,,0,63343,1379553,1733,0,0,0,0, 
,,LIC-24,New Feature,Funnel,26.02.2020 14:58:07,Timesheets|,,26.02.2020 12:38:30,,0,-139,1389681,83543,0,0,0,0, 
,,LIC-23,Internal Task,Funnel,27.04.2020 14:17:25,Logging|Schema Builder|,,,,1385289,0,0,0,0,0,0, 
,,LIC-22,New Feature,Funnel,09.04.2020 10:07:37,,,,,1411459,0,0,0,0,0,0, 
,,LIC-21,Epic,Funnel,04.05.2020 10:58:42,Schema Builder|,,,,1375408,0,0,0,0,0,0, 
,,LIC-20,Epic,Done,13.01.2020 08:00:00,,,13.01.2020 10:59:02,21.02.2020 16:00:00,0,179,1691,54765,0,0,0,116614,1363612,Fixed 
,,LIC-19,Epic,Funnel,15.04.2020 15:06:44,Infrastucture|,,,,1402520,0,0,0,0,0,0, 
,,LIC-18,Epic,In Progress,19.02.2020 12:43:09,,,24.02.2020 10:30:05,,0,7066,19965,1456269,0,0,0,0, 
,,LIC-17,Epic,Funnel,20.02.2020 08:21:47,,,25.02.2020 11:00:29,,0,7358,1415488,59273,0,0,0,0, 
,,LIC-16,Epic,Funnel,24.04.2020 10:35:25,Controller Unit|Math Expressions|,,,,1389831,0,0,0,0,0,0, 
,,LIC-15,Epic,Funnel,26.03.2020 10:32:20,,,17.04.2020 12:08:34,,0,31776,1389682,10135,0,0,0,0, 
,,LIC-14,Epic,Done,22.01.2020 12:05:09,Logging|,,22.01.2020 15:00:00,24.03.2020 12:57:27,0,174,79038,10114,0,0,0,70717,1363612,Fixed 
,,LIC-13,Epic,Funnel,04.03.2020 12:22:24,Schema Builder|,,17.03.2020 16:00:00,,0,18937,1426887,17337,0,0,0,0, 
,,LIC-12,Epic,Funnel,15.04.2020 10:25:39,,,,,1402801,0,0,0,0,0,0, 
,,LIC-11,Epic,Funnel,16.01.2020 13:27:56,Logging|,,17.01.2020 11:17:11,24.02.2020 16:00:00,0,1309,1369507,28853,0,0,3871,0,128672, 
,,LIC-10,Epic,Funnel,06.04.2020 14:29:52,,,20.04.2020 12:12:36,,0,20022,1395237,257,0,0,0,0, 
,,LIC-9,Epic,Funnel,27.03.2020 13:21:37,Infrastucture|Linux Client|Logging|,,16.04.2020 13:55:46,,0,28834,1377819,23329,0,0,0,0, 
,,LIC-8,Epic,Released,07.02.2020 13:57:16,,,14.02.2020 16:00:00,15.04.2020 17:00:00,0,10202,10095,77802,0,0,38794,0,1363612,Won't Fix 
,,LIC-7,Epic,In Progress,10.02.2020 08:10:24,Printing|,,26.02.2020 16:00:00,,0,23509,34920,1438104,0,0,0,0, 
,,LIC-6,Epic,Released,24.01.2020 08:26:16,,,03.02.2020 11:12:35,09.04.2020 13:04:15,0,14566,36099,40506,0,0,47670,15866,1363612,2677,Incomplete 
,,LIC-5,Epic,In Progress,19.02.2020 10:48:23,,,03.03.2020 11:17:09,,0,18748,63013,1401654,0,0,0,0, 
,,LIC-4,Epic,Funnel,20.01.2020 15:18:33,Math Expressions|Printing|,,21.01.2020 15:30:00,,0,1451,1471665,53226,0,0,0,0, 
,,LIC-3,Epic,Funnel,08.05.2020 13:32:17,Linux Client|Messenger Server|Schema Builder|,,,,1369494,0,0,0,0,0,0, 
,,LIC-2,Epic,Funnel,02.03.2020 14:04:41,Controller Unit|Math Expressions|Timesheets|,,31.03.2020 13:53:43,,0,41749,1392249,31939,0,0,0,0, 
,,LIC-1,Epic,In Progress,12.03.2020 08:50:44,DevExpress|Timesheets|,,02.04.2020 16:00:00,,0,30669,15765,1405419,0,0,0,0, 
